,trip_id,index,source,destination,lat,lon,ride_speed,ride_gps_time
0,0,0,4695818008.0,4696632873.0,35.770164489746094,51.44428253173828,2.551587355481131,62.11763380695319
1,0,1,4695818008.0,4696632873.0,35.770040290792124,51.4456923147322,2.551587355481131,62.11763380695319
2,0,2,4695818008.0,4696632873.0,35.77137987696874,51.44629270753936,2.551587355481131,62.11763380695319
3,0,3,4695818008.0,4696632873.0,35.772718602097136,51.4468960198378,2.551587355481131,62.11763380695319
4,0,4,4695818008.0,4696632873.0,35.77405754370848,51.44749860992248,2.551587355481131,62.11763380695319
5,0,5,4695818008.0,4696632873.0,35.775396997429716,51.448099427903905,2.551587355481131,62.11763380695319
6,0,6,4695818008.0,4696632873.0,35.77673960747014,51.448689271796916,2.551587355481131,62.11763380695319
7,0,7,4695818008.0,4696632873.0,35.778074905615455,51.44930394728424,2.551587355481131,62.11763380695319
8,0,8,4695818008.0,4696632873.0,35.778315502012475,51.45098446899372,2.551587355481131,62.11763380695319
9,0,9,4695818008.0,4696632873.0,35.778505633098646,51.45272561342458,2.551587355481131,62.11763380695319
10,0,10,4695818008.0,4696632873.0,35.77847474940239,51.454452856875896,2.551587355481131,62.11763380695319
11,0,11,4695818008.0,4696632873.0,35.77803502434414,51.45612385939124,2.551587355481131,62.11763380695319
12,0,12,4695818008.0,4696632873.0,35.77757789423373,51.457787797852575,2.551587355481131,62.11763380695319
13,0,13,4695818008.0,4696632873.0,35.77707588727284,51.45942847679002,2.551587355481131,62.11763380695319
14,0,14,4695818008.0,4696632873.0,35.77747542539899,51.460413166938764,2.551587355481131,62.11763380695319
15,0,15,4695818008.0,4696632873.0,35.77705333225268,51.46209122824797,2.551587355481131,62.11763380695319
16,0,16,4695818008.0,4696632873.0,35.776627566420096,51.46376796437642,2.551587355481131,62.11763380695319
17,0,17,4695818008.0,4696632873.0,35.77797764986928,51.46428133025802,2.551587355481131,62.11763380695319
18,0,18,4695818008.0,4696632873.0,35.77893314124619,51.46515285359391,2.551587355481131,62.11763380695319
19,1,0,4695818005.0,4692090681.0,35.7702522277832,51.44369888305664,4.545607607044351,34.194328722304576
20,1,1,4695818005.0,4692090681.0,35.76939404935352,51.444665010467055,4.545607607044351,34.194328722304576
21,1,2,4695818005.0,4692090681.0,35.76948137823421,51.446200896377526,4.545607607044351,34.194328722304576
22,1,3,4695818005.0,4692090681.0,35.76937884648339,51.44759301966462,4.545607607044351,34.194328722304576
23,1,4,4695818005.0,4692090681.0,35.770691091432674,51.44818664383234,4.545607607044351,34.194328722304576
24,1,5,4695818005.0,4692090681.0,35.7720032971332,51.448780416362354,4.545607607044351,34.194328722304576
25,1,6,4695818005.0,4692090681.0,35.77331594770823,51.44937270439911,4.545607607044351,34.194328722304576
26,2,0,9577103234.0,4695529113.0,35.779239654541016,51.44654846191406,18.943267949031195,27.619186478862424
27,2,1,9577103234.0,4695529113.0,35.77627379886531,51.44596829697214,18.943267949031195,27.619186478862424
28,2,2,9577103234.0,4695529113.0,35.7727664017841,51.444519279677834,18.943267949031195,27.619186478862424
29,2,3,9577103234.0,4695529113.0,35.770563667522794,51.440973128972345,18.943267949031195,27.619186478862424
30,2,4,9577103234.0,4695529113.0,35.766487618608956,51.44226332959108,18.943267949031195,27.619186478862424
31,3,0,5024815125.0,4695998344.0,35.76203155517578,51.45774459838867,17.687373526676918,4.56277761932321
32,3,1,5024815125.0,4695998344.0,35.76269732805425,51.45803446753782,17.687373526676918,4.56277761932321
33,3,2,5024815125.0,4695998344.0,35.7630135283279,51.457249249400306,17.687373526676918,4.56277761932321
34,3,3,5024815125.0,4695998344.0,35.76332321492163,51.45644032215024,17.687373526676918,4.56277761932321
35,3,4,5024815125.0,4695998344.0,35.763633641738906,51.4556318224545,17.687373526676918,4.56277761932321
36,3,5,5024815125.0,4695998344.0,35.76356253798127,51.45505980502786,17.687373526676918,4.56277761932321
37,3,6,5024815125.0,4695998344.0,35.7638789000886,51.45425487077915,17.687373526676918,4.56277761932321
38,3,7,5024815125.0,4695998344.0,35.76419800112644,51.453453125210416,17.687373526676918,4.56277761932321
39,3,8,5024815125.0,4695998344.0,35.76469287837674,51.45316445095341,17.687373526676918,4.56277761932321
40,3,9,5024815125.0,4695998344.0,35.765100923100164,51.452593033432294,17.687373526676918,4.56277761932321
41,3,10,5024815125.0,4695998344.0,35.76544509590502,51.45180554104964,17.687373526676918,4.56277761932321
42,3,11,5024815125.0,4695998344.0,35.76581229945595,51.451034168903014,17.687373526676918,4.56277761932321
43,3,12,5024815125.0,4695998344.0,35.7661986612717,51.450277031729364,17.687373526676918,4.56277761932321
44,3,13,5024815125.0,4695998344.0,35.76659581464592,51.44952838188293,17.687373526676918,4.56277761932321
45,3,14,5024815125.0,4695998344.0,35.766904424122096,51.44873081655953,17.687373526676918,4.56277761932321
46,3,15,5024815125.0,4695998344.0,35.76714297315689,51.44793114655916,17.687373526676918,4.56277761932321
47,3,16,5024815125.0,4695998344.0,35.767736229087234,51.44741589816074,17.687373526676918,4.56277761932321
48,3,17,5024815125.0,4695998344.0,35.768329666500996,51.44690093259002,17.687373526676918,4.56277761932321
49,3,18,5024815125.0,4695998344.0,35.768939052333565,51.446421682654666,17.687373526676918,4.56277761932321
50,3,19,5024815125.0,4695998344.0,35.76959379064692,51.44608134666878,17.687373526676918,4.56277761932321
51,3,20,5024815125.0,4695998344.0,35.770186560366206,51.4457577511206,17.687373526676918,4.56277761932321
52,3,21,5024815125.0,4695998344.0,35.77086857535373,51.44606369031976,17.687373526676918,4.56277761932321
53,3,22,5024815125.0,4695998344.0,35.77155068978763,51.446369294113275,17.687373526676918,4.56277761932321
54,3,23,5024815125.0,4695998344.0,35.772232328432224,51.44667650985174,17.687373526676918,4.56277761932321
55,3,24,5024815125.0,4695998344.0,35.77291383875415,51.44698416065869,17.687373526676918,4.56277761932321
56,3,25,5024815125.0,4695998344.0,35.7735956055732,51.447290946672965,17.687373526676918,4.56277761932321
57,4,0,1707151185.0,4698380296.0,35.77912902832031,51.46321105957031,12.58537102248161,10.652203235085889
58,4,1,1707151185.0,4698380296.0,35.77877263441605,51.4627500810824,12.58537102248161,10.652203235085889
59,4,2,1707151185.0,4698380296.0,35.777614002958195,51.462339495512694,12.58537102248161,10.652203235085889
60,4,3,1707151185.0,4698380296.0,35.7772242256342,51.46140014292487,12.58537102248161,10.652203235085889
61,4,4,1707151185.0,4698380296.0,35.777591439065695,51.459984808784775,12.58537102248161,10.652203235085889
62,4,5,1707151185.0,4698380296.0,35.77710233666714,51.45925093655458,12.58537102248161,10.652203235085889
63,4,6,1707151185.0,4698380296.0,35.77755193595758,51.457872091943194,12.58537102248161,10.652203235085889
64,4,7,1707151185.0,4698380296.0,35.777944621112006,51.45646728047215,12.58537102248161,10.652203235085889
65,4,8,1707151185.0,4698380296.0,35.77832002691216,51.45505523986135,12.58537102248161,10.652203235085889
66,4,9,1707151185.0,4698380296.0,35.77857707456893,51.45362412730087,12.58537102248161,10.652203235085889
67,4,10,1707151185.0,4698380296.0,35.77843910328412,51.45214815569214,12.58537102248161,10.652203235085889
68,4,11,1707151185.0,4698380296.0,35.77828437720322,51.45067443963399,12.58537102248161,10.652203235085889
69,4,12,1707151185.0,4698380296.0,35.77804325605637,51.449289759550865,12.58537102248161,10.652203235085889
70,4,13,1707151185.0,4698380296.0,35.77691354054827,51.448770802927285,12.58537102248161,10.652203235085889
71,4,14,1707151185.0,4698380296.0,35.775778188034565,51.448271134388406,12.58537102248161,10.652203235085889
72,4,15,1707151185.0,4698380296.0,35.77603114029242,51.446949809633296,12.58537102248161,10.652203235085889
73,4,16,1707151185.0,4698380296.0,35.775171515352376,51.4461668493426,12.58537102248161,10.652203235085889
74,4,17,1707151185.0,4698380296.0,35.775002755819266,51.44474215478267,12.58537102248161,10.652203235085889
75,4,18,1707151185.0,4698380296.0,35.77460442148811,51.44334215798843,12.58537102248161,10.652203235085889
76,5,0,4698380182.0,4698536182.0,35.77568435668945,51.44362258911133,22.104994454439726,10.224197404820945
77,5,1,4698380182.0,4698536182.0,35.77740475993994,51.4428054818798,22.104994454439726,10.224197404820945
78,5,2,4698380182.0,4698536182.0,35.77887416567348,51.444322131579035,22.104994454439726,10.224197404820945
79,5,3,4698380182.0,4698536182.0,35.77952930806733,51.4466183538085,22.104994454439726,10.224197404820945
80,5,4,4698380182.0,4698536182.0,35.77898768081326,51.44903007568834,22.104994454439726,10.224197404820945
81,5,5,4698380182.0,4698536182.0,35.779185021476806,51.451386221936296,22.104994454439726,10.224197404820945
82,6,0,10860195962.0,424065298.0,35.763206481933594,51.444129943847656,1.5684593724709361,36.74516505966731
83,6,1,10860195962.0,424065298.0,35.76310449267188,51.44358146546371,1.5684593724709361,36.74516505966731
84,6,2,10860195962.0,424065298.0,35.762910799866034,51.44298899335171,1.5684593724709361,36.74516505966731
85,6,3,10860195962.0,424065298.0,35.76271033289447,51.44240023547367,1.5684593724709361,36.74516505966731
86,6,4,10860195962.0,424065298.0,35.76242266192541,51.44195817571421,1.5684593724709361,36.74516505966731
87,7,0,4695818001.0,4695969100.0,35.76997756958008,51.443790435791016,18.156823725606635,1.292665750192068
88,7,1,4695818001.0,4695969100.0,35.769884531505234,51.44395874799488,18.156823725606635,1.292665750192068
89,7,2,4695818001.0,4695969100.0,35.76970129672759,51.44408788488579,18.156823725606635,1.292665750192068
90,7,3,4695818001.0,4695969100.0,35.769509588417115,51.4441931263005,18.156823725606635,1.292665750192068
91,7,4,4695818001.0,4695969100.0,35.7693082295018,51.444271152880184,18.156823725606635,1.292665750192068
92,7,5,4695818001.0,4695969100.0,35.769356567095386,51.44451200152146,18.156823725606635,1.292665750192068
93,7,6,4695818001.0,4695969100.0,35.769417671995555,51.44476100886341,18.156823725606635,1.292665750192068
94,7,7,4695818001.0,4695969100.0,35.76947893188813,51.445009958639616,18.156823725606635,1.292665750192068
95,7,8,4695818001.0,4695969100.0,35.7695401917807,51.44525890841581,18.156823725606635,1.292665750192068
96,7,9,4695818001.0,4695969100.0,35.76960111979046,51.44550798191579,18.156823725606635,1.292665750192068
97,7,10,4695818001.0,4695969100.0,35.769661812873814,51.445757142994815,18.156823725606635,1.292665750192068
98,7,11,4695818001.0,4695969100.0,35.76967903606403,51.445990688844226,18.156823725606635,1.292665750192068
99,7,12,4695818001.0,4695969100.0,35.76951922928074,51.44616064208995,18.156823725606635,1.292665750192068
100,7,13,4695818001.0,4695969100.0,35.769419647302435,51.446382015019495,18.156823725606635,1.292665750192068
101,7,14,4695818001.0,4695969100.0,35.76934670872512,51.44662613597215,18.156823725606635,1.292665750192068
102,7,15,4695818001.0,4695969100.0,35.769273770147805,51.4468702569248,18.156823725606635,1.292665750192068
103,7,16,4695818001.0,4695969100.0,35.76920083157049,51.447114377877455,18.156823725606635,1.292665750192068
104,7,17,4695818001.0,4695969100.0,35.76912789299317,51.447358498830106,18.156823725606635,1.292665750192068
105,7,18,4695818001.0,4695969100.0,35.76905517185118,51.44760271748184,18.156823725606635,1.292665750192068
106,7,19,4695818001.0,4695969100.0,35.76898261616586,51.447847010477375,18.156823725606635,1.292665750192068
107,7,20,4695818001.0,4695969100.0,35.768910060480536,51.44809130347291,18.156823725606635,1.292665750192068
108,7,21,4695818001.0,4695969100.0,35.768837504795215,51.44833559646843,18.156823725606635,1.292665750192068
109,7,22,4695818001.0,4695969100.0,35.768764949109894,51.448579889463964,18.156823725606635,1.292665750192068
110,7,23,4695818001.0,4695969100.0,35.76869239342457,51.44882418245949,18.156823725606635,1.292665750192068
111,7,24,4695818001.0,4695969100.0,35.7686230218442,51.44906986863393,18.156823725606635,1.292665750192068
112,7,25,4695818001.0,4695969100.0,35.76855426999175,51.449315825965215,18.156823725606635,1.292665750192068
113,7,26,4695818001.0,4695969100.0,35.76848551813931,51.449561783296495,18.156823725606635,1.292665750192068
114,7,27,4695818001.0,4695969100.0,35.76841676628686,51.44980774062779,18.156823725606635,1.292665750192068
115,7,28,4695818001.0,4695969100.0,35.76858754863426,51.44991354255178,18.156823725606635,1.292665750192068
116,7,29,4695818001.0,4695969100.0,35.76878564495233,51.45000336262148,18.156823725606635,1.292665750192068
117,7,30,4695818001.0,4695969100.0,35.768983741270404,51.45009318269116,18.156823725606635,1.292665750192068
118,7,31,4695818001.0,4695969100.0,35.76918189120212,51.45018282349403,18.156823725606635,1.292665750192068
119,7,32,4695818001.0,4695969100.0,35.76938005476415,51.450272418721546,18.156823725606635,1.292665750192068
120,7,33,4695818001.0,4695969100.0,35.769578218326174,51.450362013949054,18.156823725606635,1.292665750192068
121,7,34,4695818001.0,4695969100.0,35.769727725725076,51.450479001818195,18.156823725606635,1.292665750192068
122,7,35,4695818001.0,4695969100.0,35.76965293026367,51.450722268610164,18.156823725606635,1.292665750192068
123,7,36,4695818001.0,4695969100.0,35.76957813480225,51.45096553540215,18.156823725606635,1.292665750192068
124,7,37,4695818001.0,4695969100.0,35.76950333934084,51.451208802194124,18.156823725606635,1.292665750192068
125,7,38,4695818001.0,4695969100.0,35.76942854387943,51.4514520689861,18.156823725606635,1.292665750192068
126,7,39,4695818001.0,4695969100.0,35.76935374841801,51.451695335778076,18.156823725606635,1.292665750192068
127,7,40,4695818001.0,4695969100.0,35.769278735151275,51.4519384998172,18.156823725606635,1.292665750192068
128,7,41,4695818001.0,4695969100.0,35.76920370424429,51.452181655534275,18.156823725606635,1.292665750192068
129,7,42,4695818001.0,4695969100.0,35.76917768097698,51.45239744557823,18.156823725606635,1.292665750192068
130,7,43,4695818001.0,4695969100.0,35.769375480810446,51.45248825368359,18.156823725606635,1.292665750192068
131,7,44,4695818001.0,4695969100.0,35.76957328064391,51.45257906178895,18.156823725606635,1.292665750192068
132,7,45,4695818001.0,4695969100.0,35.76977108047737,51.452669869894315,18.156823725606635,1.292665750192068
133,7,46,4695818001.0,4695969100.0,35.769968880310834,51.45276067799968,18.156823725606635,1.292665750192068
134,7,47,4695818001.0,4695969100.0,35.77016694053426,51.45285062045597,18.156823725606635,1.292665750192068
135,7,48,4695818001.0,4695969100.0,35.77036501832909,51.45294050449732,18.156823725606635,1.292665750192068
136,7,49,4695818001.0,4695969100.0,35.77056309612391,51.453030388538664,18.156823725606635,1.292665750192068
137,7,50,4695818001.0,4695969100.0,35.77076117391874,51.453120272580016,18.156823725606635,1.292665750192068
138,7,51,4695818001.0,4695969100.0,35.77095908455178,51.45321071097008,18.156823725606635,1.292665750192068
139,7,52,4695818001.0,4695969100.0,35.7711566891255,51.453302164326516,18.156823725606635,1.292665750192068
140,7,53,4695818001.0,4695969100.0,35.7713543012344,51.453393592735274,18.156823725606635,1.292665750192068
141,7,54,4695818001.0,4695969100.0,35.77155233952309,51.45348361013922,18.156823725606635,1.292665750192068
142,7,55,4695818001.0,4695969100.0,35.77175022449818,51.453574109466544,18.156823725606635,1.292665750192068
143,7,56,4695818001.0,4695969100.0,35.77194841554761,51.453663615101775,18.156823725606635,1.292665750192068
144,7,57,4695818001.0,4695969100.0,35.77214651596471,51.45375342450013,18.156823725606635,1.292665750192068
145,7,58,4695818001.0,4695969100.0,35.77234450749048,51.453843598858406,18.156823725606635,1.292665750192068
146,7,59,4695818001.0,4695969100.0,35.77254240918443,51.45393407194324,18.156823725606635,1.292665750192068
147,7,60,4695818001.0,4695969100.0,35.7727402239731,51.454024834022746,18.156823725606635,1.292665750192068
148,7,61,4695818001.0,4695969100.0,35.77293816100473,51.45411519055544,18.156823725606635,1.292665750192068
149,7,62,4695818001.0,4695969100.0,35.77313611644425,51.45420548601908,18.156823725606635,1.292665750192068
150,7,63,4695818001.0,4695969100.0,35.77333407194952,51.45429578151271,18.156823725606635,1.292665750192068
151,7,64,4695818001.0,4695969100.0,35.77353203531124,51.45438605127915,18.156823725606635,1.292665750192068
152,7,65,4695818001.0,4695969100.0,35.773730004482985,51.45447630193098,18.156823725606635,1.292665750192068
153,7,66,4695818001.0,4695969100.0,35.773927973654736,51.454566552582804,18.156823725606635,1.292665750192068
154,7,67,4695818001.0,4695969100.0,35.77412594282648,51.45465680323463,18.156823725606635,1.292665750192068
155,7,68,4695818001.0,4695969100.0,35.77432405218255,51.45474658491374,18.156823725606635,1.292665750192068
156,7,69,4695818001.0,4695969100.0,35.77452218072524,51.45483630349911,18.156823725606635,1.292665750192068
157,7,70,4695818001.0,4695969100.0,35.77472030626944,51.45492603203073,18.156823725606635,1.292665750192068
158,7,71,4695818001.0,4695969100.0,35.774917880102485,51.45501759063629,18.156823725606635,1.292665750192068
159,7,72,4695818001.0,4695969100.0,35.77511545393553,51.45510914924185,18.156823725606635,1.292665750192068
160,7,73,4695818001.0,4695969100.0,35.775313243912365,51.455199994568815,18.156823725606635,1.292665750192068
161,7,74,4695818001.0,4695969100.0,35.77551116052728,51.4552904219877,18.156823725606635,1.292665750192068
162,8,0,4695666784.0,4695837553.0,35.76874542236328,51.4506721496582,4.809824730195286,10.642281013444277
163,8,1,4695666784.0,4695837553.0,35.768583406554775,51.45120320147497,4.809824730195286,10.642281013444277
164,8,2,4695666784.0,4695837553.0,35.76822605795704,51.45120006681989,4.809824730195286,10.642281013444277
165,8,3,4695666784.0,4695837553.0,35.76779593349498,51.45099790832272,4.809824730195286,10.642281013444277
166,8,4,4695666784.0,4695837553.0,35.76792904821323,51.450480748209685,4.809824730195286,10.642281013444277
167,8,5,4695666784.0,4695837553.0,35.768088830288576,51.44994867389881,4.809824730195286,10.642281013444277
168,8,6,4695666784.0,4695837553.0,35.768403001163115,51.449829858150316,4.809824730195286,10.642281013444277
169,8,7,4695666784.0,4695837553.0,35.76855733496599,51.44930486112781,4.809824730195286,10.642281013444277
170,8,8,4695666784.0,4695837553.0,35.76870875406378,51.44876909663756,4.809824730195286,10.642281013444277
171,8,9,4695666784.0,4695837553.0,35.76886699152361,51.44823631546548,4.809824730195286,10.642281013444277
172,8,10,4695666784.0,4695837553.0,35.76902522898344,51.4477035342934,4.809824730195286,10.642281013444277
173,8,11,4695666784.0,4695837553.0,35.76918392604617,51.44717095963232,4.809824730195286,10.642281013444277
174,8,12,4695666784.0,4695837553.0,35.76934299855919,51.44663855367037,4.809824730195286,10.642281013444277
175,8,13,4695666784.0,4695837553.0,35.7695400111242,51.446138540764366,4.809824730195286,10.642281013444277
176,8,14,4695666784.0,4695837553.0,35.76964294010972,51.44567966533169,4.809824730195286,10.642281013444277
177,8,15,4695666784.0,4695837553.0,35.76951006020387,51.44513645881638,4.809824730195286,10.642281013444277
178,8,16,4695666784.0,4695837553.0,35.7693765088674,51.44459350267666,4.809824730195286,10.642281013444277
179,8,17,4695666784.0,4695837553.0,35.76924437221585,51.44405053748729,4.809824730195286,10.642281013444277
180,8,18,4695666784.0,4695837553.0,35.7691306280928,51.443500774225896,4.809824730195286,10.642281013444277
181,8,19,4695666784.0,4695837553.0,35.768799337048044,51.44333377756651,4.809824730195286,10.642281013444277
182,8,20,4695666784.0,4695837553.0,35.76867777975035,51.442884225706,4.809824730195286,10.642281013444277
183,8,21,4695666784.0,4695837553.0,35.76865591460246,51.44231832435132,4.809824730195286,10.642281013444277
184,8,22,4695666784.0,4695837553.0,35.76853076717097,51.441772457956446,4.809824730195286,10.642281013444277
185,8,23,4695666784.0,4695837553.0,35.76853817960535,51.441323314176365,4.809824730195286,10.642281013444277
186,8,24,4695666784.0,4695837553.0,35.768987190551265,51.44119830027044,4.809824730195286,10.642281013444277
187,8,25,4695666784.0,4695837553.0,35.76934554086953,51.441223495453386,4.809824730195286,10.642281013444277
188,9,0,4705343077.0,1707151173.0,35.77937698364258,51.44013977050781,0.49100147913153647,26.783718813851355
189,9,1,4705343077.0,1707151173.0,35.779260779098664,51.4401668849014,0.49100147913153647,26.783718813851355
190,9,2,4705343077.0,1707151173.0,35.77914457256945,51.4401939862584,0.49100147913153647,26.783718813851355
191,9,3,4705343077.0,1707151173.0,35.779028302620574,51.440220671164695,0.49100147913153647,26.783718813851355
192,9,4,4705343077.0,1707151173.0,35.778912857157,51.44024941327172,0.49100147913153647,26.783718813851355
193,9,5,4705343077.0,1707151173.0,35.77882501121785,51.4403470198708,0.49100147913153647,26.783718813851355
194,9,6,4705343077.0,1707151173.0,35.778741844955,51.44044798018132,0.49100147913153647,26.783718813851355
195,9,7,4705343077.0,1707151173.0,35.778716487911474,51.44059036973344,0.49100147913153647,26.783718813851355
196,9,8,4705343077.0,1707151173.0,35.77869415283203,51.440733163295405,0.49100147913153647,26.783718813851355
197,9,9,4705343077.0,1707151173.0,35.77869415283203,51.44087894285973,0.49100147913153647,26.783718813851355
198,9,10,4705343077.0,1707151173.0,35.77869415283203,51.44102472242405,0.49100147913153647,26.783718813851355
199,9,11,4705343077.0,1707151173.0,35.77869415283203,51.44117050198838,0.49100147913153647,26.783718813851355
200,9,12,4705343077.0,1707151173.0,35.77871082414829,51.44131466335175,0.49100147913153647,26.783718813851355
201,9,13,4705343077.0,1707151173.0,35.77872960027729,51.44145858618991,0.49100147913153647,26.783718813851355
202,9,14,4705343077.0,1707151173.0,35.77875385601952,51.441601267026556,0.49100147913153647,26.783718813851355
203,9,15,4705343077.0,1707151173.0,35.778778111761746,51.44174394786321,0.49100147913153647,26.783718813851355
204,9,16,4705343077.0,1707151173.0,35.77879333496094,51.441887782696035,0.49100147913153647,26.783718813851355
205,9,17,4705343077.0,1707151173.0,35.778793555818986,51.44203277383896,0.49100147913153647,26.783718813851355
206,9,18,4705343077.0,1707151173.0,35.77876231126771,51.44217337431972,0.49100147913153647,26.783718813851355
207,9,19,4705343077.0,1707151173.0,35.778731066716425,51.44231397480047,0.49100147913153647,26.783718813851355
208,9,20,4705343077.0,1707151173.0,35.77874904661051,51.442453585466396,0.49100147913153647,26.783718813851355
209,9,21,4705343077.0,1707151173.0,35.77882016151075,51.44257006676851,0.49100147913153647,26.783718813851355
210,9,22,4705343077.0,1707151173.0,35.77889127641099,51.44268654807063,0.49100147913153647,26.783718813851355
211,9,23,4705343077.0,1707151173.0,35.778957937804584,51.44280507530668,0.49100147913153647,26.783718813851355
212,9,24,4705343077.0,1707151173.0,35.77896601777401,51.44295051475636,0.49100147913153647,26.783718813851355
213,9,25,4705343077.0,1707151173.0,35.778974237790955,51.44309594182655,0.49100147913153647,26.783718813851355
214,9,26,4705343077.0,1707151173.0,35.778983086490825,51.44324131332441,0.49100147913153647,26.783718813851355
215,9,27,4705343077.0,1707151173.0,35.778991935190696,51.44338668482225,0.49100147913153647,26.783718813851355
216,9,28,4705343077.0,1707151173.0,35.77899764653528,51.44353203370094,0.49100147913153647,26.783718813851355
217,9,29,4705343077.0,1707151173.0,35.778987418791345,51.443677267664796,0.49100147913153647,26.783718813851355
218,9,30,4705343077.0,1707151173.0,35.778978166619474,51.44382258929278,0.49100147913153647,26.783718813851355
219,9,31,4705343077.0,1707151173.0,35.77897119528619,51.443968115875094,0.49100147913153647,26.783718813851355
220,9,32,4705343077.0,1707151173.0,35.778964223952904,51.44411364245741,0.49100147913153647,26.783718813851355
221,9,33,4705343077.0,1707151173.0,35.77895725261962,51.44425916903973,0.49100147913153647,26.783718813851355
222,9,34,4705343077.0,1707151173.0,35.77895028128634,51.44440469562205,0.49100147913153647,26.783718813851355
223,9,35,4705343077.0,1707151173.0,35.77902317558519,51.44451540348589,0.49100147913153647,26.783718813851355
224,9,36,4705343077.0,1707151173.0,35.779096375128475,51.44462889307859,0.49100147913153647,26.783718813851355
225,9,37,4705343077.0,1707151173.0,35.77915405699052,51.444756159409145,0.49100147913153647,26.783718813851355
226,9,38,4705343077.0,1707151173.0,35.77921173885257,51.444883425739704,0.49100147913153647,26.783718813851355
227,9,39,4705343077.0,1707151173.0,35.77926942071462,51.445010692070255,0.49100147913153647,26.783718813851355
228,9,40,4705343077.0,1707151173.0,35.779325323323455,51.44513900157028,0.49100147913153647,26.783718813851355
229,9,41,4705343077.0,1707151173.0,35.779367651823215,51.44527509075302,0.49100147913153647,26.783718813851355
230,9,42,4705343077.0,1707151173.0,35.77940596300414,51.44541301100436,0.49100147913153647,26.783718813851355
231,9,43,4705343077.0,1707151173.0,35.779434101164014,51.44555441754019,0.49100147913153647,26.783718813851355
232,9,44,4705343077.0,1707151173.0,35.7794527079753,51.44569828502099,0.49100147913153647,26.783718813851355
233,9,45,4705343077.0,1707151173.0,35.779468469494404,51.44584276561277,0.49100147913153647,26.783718813851355
234,9,46,4705343077.0,1707151173.0,35.779484231013505,51.44598724620455,0.49100147913153647,26.783718813851355
235,9,47,4705343077.0,1707151173.0,35.779495956189734,51.44613228545567,0.49100147913153647,26.783718813851355
236,9,48,4705343077.0,1707151173.0,35.779506579972086,51.446277477147746,0.49100147913153647,26.783718813851355
237,9,49,4705343077.0,1707151173.0,35.77951812596808,51.446422559224345,0.49100147913153647,26.783718813851355
238,9,50,4705343077.0,1707151173.0,35.77953021080386,51.44656757725378,0.49100147913153647,26.783718813851355
239,9,51,4705343077.0,1707151173.0,35.779501234058685,51.44670558376395,0.49100147913153647,26.783718813851355
240,9,52,4705343077.0,1707151173.0,35.779457622444454,51.44684109127959,0.49100147913153647,26.783718813851355
241,9,53,4705343077.0,1707151173.0,35.779416318182555,51.44697761032119,0.49100147913153647,26.783718813851355
242,9,54,4705343077.0,1707151173.0,35.77938071582863,51.44711662903653,0.49100147913153647,26.783718813851355
243,9,55,4705343077.0,1707151173.0,35.779345315268166,51.44725571991539,0.49100147913153647,26.783718813851355
244,9,56,4705343077.0,1707151173.0,35.77931502444517,51.44739663809196,0.49100147913153647,26.783718813851355
245,9,57,4705343077.0,1707151173.0,35.77928473362216,51.44753755626853,0.49100147913153647,26.783718813851355
246,9,58,4705343077.0,1707151173.0,35.77925472322727,51.44767856281875,0.49100147913153647,26.783718813851355
247,9,59,4705343077.0,1707151173.0,35.77922641465527,51.44782010567873,0.49100147913153647,26.783718813851355
248,9,60,4705343077.0,1707151173.0,35.77919810608328,51.447961648538694,0.49100147913153647,26.783718813851355
249,9,61,4705343077.0,1707151173.0,35.77917046987493,51.44810339205348,0.49100147913153647,26.783718813851355
250,9,62,4705343077.0,1707151173.0,35.77914298109047,51.448245179692734,0.49100147913153647,26.783718813851355
251,9,63,4705343077.0,1707151173.0,35.77911495827169,51.448386808533584,0.49100147913153647,26.783718813851355
252,9,64,4705343077.0,1707151173.0,35.77908693545291,51.44852843737445,0.49100147913153647,26.783718813851355
253,9,65,4705343077.0,1707151173.0,35.77905891263413,51.44867006621531,0.49100147913153647,26.783718813851355
254,9,66,4705343077.0,1707151173.0,35.77903088981535,51.448811695056165,0.49100147913153647,26.783718813851355
255,9,67,4705343077.0,1707151173.0,35.77900286699658,51.44895332389703,0.49100147913153647,26.783718813851355
256,9,68,4705343077.0,1707151173.0,35.778974844177796,51.44909495273789,0.49100147913153647,26.783718813851355
257,9,69,4705343077.0,1707151173.0,35.778946821359014,51.449236581578745,0.49100147913153647,26.783718813851355
258,9,70,4705343077.0,1707151173.0,35.77891879854023,51.4493782104196,0.49100147913153647,26.783718813851355
259,9,71,4705343077.0,1707151173.0,35.77889077572146,51.44951983926046,0.49100147913153647,26.783718813851355
260,9,72,4705343077.0,1707151173.0,35.77887810334816,51.44965091174942,0.49100147913153647,26.783718813851355
261,9,73,4705343077.0,1707151173.0,35.778984816938,51.449703937290394,0.49100147913153647,26.783718813851355
262,9,74,4705343077.0,1707151173.0,35.77903443972245,51.44983626471561,0.49100147913153647,26.783718813851355
263,9,75,4705343077.0,1707151173.0,35.77903394510252,51.44998043268045,0.49100147913153647,26.783718813851355
264,9,76,4705343077.0,1707151173.0,35.77904999309866,51.45012486464572,0.49100147913153647,26.783718813851355
265,9,77,4705343077.0,1707151173.0,35.7790660410948,51.450269296611,0.49100147913153647,26.783718813851355
266,9,78,4705343077.0,1707151173.0,35.77908208909094,51.450413728576265,0.49100147913153647,26.783718813851355
267,9,79,4705343077.0,1707151173.0,35.77909813708708,51.45055816054155,0.49100147913153647,26.783718813851355
268,9,80,4705343077.0,1707151173.0,35.77911418508322,51.45070259250682,0.49100147913153647,26.783718813851355
269,9,81,4705343077.0,1707151173.0,35.77912984356061,51.45084708771349,0.49100147913153647,26.783718813851355
270,9,82,4705343077.0,1707151173.0,35.77914464620365,51.4509917218715,0.49100147913153647,26.783718813851355
271,9,83,4705343077.0,1707151173.0,35.779159448846684,51.45113635602951,0.49100147913153647,26.783718813851355
272,9,84,4705343077.0,1707151173.0,35.77917425148972,51.45128099018753,0.49100147913153647,26.783718813851355
273,9,85,4705343077.0,1707151173.0,35.77918905413276,51.45142562434554,0.49100147913153647,26.783718813851355
274,9,86,4705343077.0,1707151173.0,35.779203856775794,51.45157025850355,0.49100147913153647,26.783718813851355
275,9,87,4705343077.0,1707151173.0,35.77921865941883,51.451714892661556,0.49100147913153647,26.783718813851355
276,9,88,4705343077.0,1707151173.0,35.77923346206187,51.45185952681957,0.49100147913153647,26.783718813851355
277,9,89,4705343077.0,1707151173.0,35.779248264704904,51.45200416097758,0.49100147913153647,26.783718813851355
278,9,90,4705343077.0,1707151173.0,35.77926306734794,51.45214879513559,0.49100147913153647,26.783718813851355
279,9,91,4705343077.0,1707151173.0,35.779277869990985,51.45229342929361,0.49100147913153647,26.783718813851355
280,9,92,4705343077.0,1707151173.0,35.779292672634014,51.45243806345162,0.49100147913153647,26.783718813851355
281,9,93,4705343077.0,1707151173.0,35.779307475277065,51.45258269760963,0.49100147913153647,26.783718813851355
282,9,94,4705343077.0,1707151173.0,35.77932061601299,51.45272757484047,0.49100147913153647,26.783718813851355
283,9,95,4705343077.0,1707151173.0,35.779333656286205,51.45287246676514,0.49100147913153647,26.783718813851355
284,9,96,4705343077.0,1707151173.0,35.77934669655942,51.45301735868979,0.49100147913153647,26.783718813851355
285,9,97,4705343077.0,1707151173.0,35.779359736832646,51.453162250614454,0.49100147913153647,26.783718813851355
286,9,98,4705343077.0,1707151173.0,35.77937277710586,51.453307142539124,0.49100147913153647,26.783718813851355
287,9,99,4705343077.0,1707151173.0,35.77938581737909,51.45345203446378,0.49100147913153647,26.783718813851355
288,9,100,4705343077.0,1707151173.0,35.7793988576523,51.45359692638844,0.49100147913153647,26.783718813851355
289,9,101,4705343077.0,1707151173.0,35.77940623400992,51.453737110684514,0.49100147913153647,26.783718813851355
290,9,102,4705343077.0,1707151173.0,35.77929237042002,51.4537765250041,0.49100147913153647,26.783718813851355
291,9,103,4705343077.0,1707151173.0,35.77917850683012,51.453815939323675,0.49100147913153647,26.783718813851355
292,9,104,4705343077.0,1707151173.0,35.779064643240226,51.45385535364326,0.49100147913153647,26.783718813851355
293,9,105,4705343077.0,1707151173.0,35.77894897623974,51.4538842233686,0.49100147913153647,26.783718813851355
294,9,106,4705343077.0,1707151173.0,35.77883189450162,51.45390482108178,0.49100147913153647,26.783718813851355
295,9,107,4705343077.0,1707151173.0,35.7787148127635,51.45392541879497,0.49100147913153647,26.783718813851355
296,9,108,4705343077.0,1707151173.0,35.77860114203426,51.45395094990298,0.49100147913153647,26.783718813851355
297,9,109,4705343077.0,1707151173.0,35.778566081434015,51.454090176054684,0.49100147913153647,26.783718813851355
298,9,110,4705343077.0,1707151173.0,35.77853102083377,51.454229402206394,0.49100147913153647,26.783718813851355
299,9,111,4705343077.0,1707151173.0,35.77849596023352,51.454368628358104,0.49100147913153647,26.783718813851355
300,9,112,4705343077.0,1707151173.0,35.778460899633274,51.454507854509814,0.49100147913153647,26.783718813851355
301,9,113,4705343077.0,1707151173.0,35.77842583903303,51.45464708066152,0.49100147913153647,26.783718813851355
302,9,114,4705343077.0,1707151173.0,35.77839077843277,51.45478630681323,0.49100147913153647,26.783718813851355
303,9,115,4705343077.0,1707151173.0,35.778355717832525,51.454925532964936,0.49100147913153647,26.783718813851355
304,9,116,4705343077.0,1707151173.0,35.778317570339354,51.45506346938026,0.49100147913153647,26.783718813851355
305,9,117,4705343077.0,1707151173.0,35.77827673101412,51.45520028111981,0.49100147913153647,26.783718813851355
306,9,118,4705343077.0,1707151173.0,35.778238946420295,51.45533839112452,0.49100147913153647,26.783718813851355
307,9,119,4705343077.0,1707151173.0,35.778202693549275,51.45547715211361,0.49100147913153647,26.783718813851355
308,9,120,4705343077.0,1707151173.0,35.77816644067825,51.45561591310269,0.49100147913153647,26.783718813851355
309,9,121,4705343077.0,1707151173.0,35.77813106310147,51.45575501395157,0.49100147913153647,26.783718813851355
310,9,122,4705343077.0,1707151173.0,35.77809527522372,51.455893954719166,0.49100147913153647,26.783718813851355
311,9,123,4705343077.0,1707151173.0,35.778058920917225,51.456032675099216,0.49100147913153647,26.783718813851355
312,9,124,4705343077.0,1707151173.0,35.77802256661073,51.45617139547926,0.49100147913153647,26.783718813851355
313,9,125,4705343077.0,1707151173.0,35.777986212304235,51.45631011585931,0.49100147913153647,26.783718813851355
314,9,126,4705343077.0,1707151173.0,35.77794955622359,51.45644871505239,0.49100147913153647,26.783718813851355
315,9,127,4705343077.0,1707151173.0,35.77791273141206,51.45658724648624,0.49100147913153647,26.783718813851355
316,9,128,4705343077.0,1707151173.0,35.77787590660053,51.456725777920084,0.49100147913153647,26.783718813851355
317,9,129,4705343077.0,1707151173.0,35.777839081789004,51.45686430935394,0.49100147913153647,26.783718813851355
318,9,130,4705343077.0,1707151173.0,35.77780193773873,51.457002709642595,0.49100147913153647,26.783718813851355
319,9,131,4705343077.0,1707151173.0,35.77776401432507,51.457140789764125,0.49100147913153647,26.783718813851355
320,9,132,4705343077.0,1707151173.0,35.777726090911415,51.45727886988566,0.49100147913153647,26.783718813851355
321,9,133,4705343077.0,1707151173.0,35.77768816749775,51.457416950007186,0.49100147913153647,26.783718813851355
322,9,134,4705343077.0,1707151173.0,35.7776489145342,51.457554445436756,0.49100147913153647,26.783718813851355
323,9,135,4705343077.0,1707151173.0,35.77760737424018,51.457690934974224,0.49100147913153647,26.783718813851355
324,9,136,4705343077.0,1707151173.0,35.77756583394617,51.4578274245117,0.49100147913153647,26.783718813851355
325,9,137,4705343077.0,1707151173.0,35.777522597915905,51.457963106549784,0.49100147913153647,26.783718813851355
326,9,138,4705343077.0,1707151173.0,35.77747892815782,51.458098582049296,0.49100147913153647,26.783718813851355
327,9,139,4705343077.0,1707151173.0,35.777435258399734,51.45823405754881,0.49100147913153647,26.783718813851355
328,9,140,4705343077.0,1707151173.0,35.77739158864165,51.45836953304832,0.49100147913153647,26.783718813851355
329,9,141,4705343077.0,1707151173.0,35.777347918883564,51.45850500854783,0.49100147913153647,26.783718813851355
330,9,142,4705343077.0,1707151173.0,35.77730424912548,51.45864048404735,0.49100147913153647,26.783718813851355
331,9,143,4705343077.0,1707151173.0,35.77726057936739,51.45877595954686,0.49100147913153647,26.783718813851355
332,9,144,4705343077.0,1707151173.0,35.77721672604456,51.45891134309039,0.49100147913153647,26.783718813851355
333,9,145,4705343077.0,1707151173.0,35.777171375762975,51.45904597673882,0.49100147913153647,26.783718813851355
334,9,146,4705343077.0,1707151173.0,35.7771260254814,51.45918061038725,0.49100147913153647,26.783718813851355
335,9,147,4705343077.0,1707151173.0,35.777091212639014,51.45931900988873,0.49100147913153647,26.783718813851355
336,9,148,4705343077.0,1707151173.0,35.77707064998958,51.459462554925565,0.49100147913153647,26.783718813851355
337,9,149,4705343077.0,1707151173.0,35.77701762508798,51.45958935216852,0.49100147913153647,26.783718813851355
338,9,150,4705343077.0,1707151173.0,35.77701535456324,51.45965572804104,0.49100147913153647,26.783718813851355
339,9,151,4705343077.0,1707151173.0,35.77713158811513,51.45968265219713,0.49100147913153647,26.783718813851355
340,9,152,4705343077.0,1707151173.0,35.77724782166703,51.45970957635323,0.49100147913153647,26.783718813851355
341,9,153,4705343077.0,1707151173.0,35.77736405521894,51.45973650050932,0.49100147913153647,26.783718813851355
342,9,154,4705343077.0,1707151173.0,35.77748028877084,51.45976342466541,0.49100147913153647,26.783718813851355
343,9,155,4705343077.0,1707151173.0,35.77759652232274,51.4597903488215,0.49100147913153647,26.783718813851355
344,9,156,4705343077.0,1707151173.0,35.777618272568645,51.45988573123542,0.49100147913153647,26.783718813851355
345,9,157,4705343077.0,1707151173.0,35.77758082281593,51.46002400724548,0.49100147913153647,26.783718813851355
346,9,158,4705343077.0,1707151173.0,35.777543373063196,51.46016228325553,0.49100147913153647,26.783718813851355
347,9,159,4705343077.0,1707151173.0,35.77750592331048,51.46030055926559,0.49100147913153647,26.783718813851355
348,9,160,4705343077.0,1707151173.0,35.77746847355775,51.460438835275646,0.49100147913153647,26.783718813851355
349,9,161,4705343077.0,1707151173.0,35.77743102380503,51.4605771112857,0.49100147913153647,26.783718813851355
350,9,162,4705343077.0,1707151173.0,35.777393574052304,51.460715387295764,0.49100147913153647,26.783718813851355
351,9,163,4705343077.0,1707151173.0,35.77735907366937,51.46085482339805,0.49100147913153647,26.783718813851355
352,9,164,4705343077.0,1707151173.0,35.77732459175036,51.46099426676285,0.49100147913153647,26.783718813851355
353,9,165,4705343077.0,1707151173.0,35.77729010983134,51.461133710127655,0.49100147913153647,26.783718813851355
354,9,166,4705343077.0,1707151173.0,35.777255627912325,51.461273153492456,0.49100147913153647,26.783718813851355
355,9,167,4705343077.0,1707151173.0,35.777221145993316,51.461412596857265,0.49100147913153647,26.783718813851355
356,9,168,4705343077.0,1707151173.0,35.7771866640743,51.46155204022207,0.49100147913153647,26.783718813851355
357,9,169,4705343077.0,1707151173.0,35.77715218215529,51.461691483586876,0.49100147913153647,26.783718813851355
358,9,170,4705343077.0,1707151173.0,35.777117700236275,51.46183092695168,0.49100147913153647,26.783718813851355
359,9,171,4705343077.0,1707151173.0,35.77708321831726,51.46197037031648,0.49100147913153647,26.783718813851355
360,9,172,4705343077.0,1707151173.0,35.77704873639824,51.46210981368129,0.49100147913153647,26.783718813851355
361,9,173,4705343077.0,1707151173.0,35.77701345839047,51.46224895325669,0.49100147913153647,26.783718813851355
362,9,174,4705343077.0,1707151173.0,35.77697811727232,51.462388068749036,0.49100147913153647,26.783718813851355
363,9,175,4705343077.0,1707151173.0,35.77694277615417,51.462527184241374,0.49100147913153647,26.783718813851355
364,9,176,4705343077.0,1707151173.0,35.77690743503603,51.46266629973371,0.49100147913153647,26.783718813851355
365,9,177,4705343077.0,1707151173.0,35.77687209391788,51.46280541522606,0.49100147913153647,26.783718813851355
366,9,178,4705343077.0,1707151173.0,35.77683675279974,51.46294453071839,0.49100147913153647,26.783718813851355
367,9,179,4705343077.0,1707151173.0,35.77680141168159,51.463083646210734,0.49100147913153647,26.783718813851355
368,9,180,4705343077.0,1707151173.0,35.77676607056344,51.46322276170307,0.49100147913153647,26.783718813851355
369,9,181,4705343077.0,1707151173.0,35.77673072944529,51.46336187719541,0.49100147913153647,26.783718813851355
370,9,182,4705343077.0,1707151173.0,35.77669538832715,51.463500992687756,0.49100147913153647,26.783718813851355
371,9,183,4705343077.0,1707151173.0,35.776660047209006,51.463640108180094,0.49100147913153647,26.783718813851355
372,9,184,4705343077.0,1707151173.0,35.77662281210662,51.46377802803482,0.49100147913153647,26.783718813851355
373,9,185,4705343077.0,1707151173.0,35.776551882571425,51.46389467721017,0.49100147913153647,26.783718813851355
374,9,186,4705343077.0,1707151173.0,35.77648095303623,51.464011326385524,0.49100147913153647,26.783718813851355
375,9,187,4705343077.0,1707151173.0,35.77641002350103,51.464127975560885,0.49100147913153647,26.783718813851355
376,9,188,4705343077.0,1707151173.0,35.77633909396583,51.46424462473624,0.49100147913153647,26.783718813851355
377,9,189,4705343077.0,1707151173.0,35.77626816443063,51.46436127391159,0.49100147913153647,26.783718813851355
378,9,190,4705343077.0,1707151173.0,35.776197234895434,51.46447792308695,0.49100147913153647,26.783718813851355
379,9,191,4705343077.0,1707151173.0,35.77612630536023,51.46459457226231,0.49100147913153647,26.783718813851355
380,9,192,4705343077.0,1707151173.0,35.77605537582504,51.46471122143767,0.49100147913153647,26.783718813851355
381,9,193,4705343077.0,1707151173.0,35.77600516919249,51.464824291735134,0.49100147913153647,26.783718813851355
382,9,194,4705343077.0,1707151173.0,35.77609937683037,51.4649124214609,0.49100147913153647,26.783718813851355
383,9,195,4705343077.0,1707151173.0,35.77619358446827,51.46500055118667,0.49100147913153647,26.783718813851355
384,9,196,4705343077.0,1707151173.0,35.77628841133487,51.46508766048922,0.49100147913153647,26.783718813851355
385,9,197,4705343077.0,1707151173.0,35.77638362591805,51.46517413087599,0.49100147913153647,26.783718813851355
386,9,198,4705343077.0,1707151173.0,35.77647884050123,51.46526060126275,0.49100147913153647,26.783718813851355
387,9,199,4705343077.0,1707151173.0,35.7765740550844,51.46534707164951,0.49100147913153647,26.783718813851355
388,9,200,4705343077.0,1707151173.0,35.77666980760227,51.4654326318627,0.49100147913153647,26.783718813851355
389,9,201,4705343077.0,1707151173.0,35.7767658033124,51.46551778059994,0.49100147913153647,26.783718813851355
390,9,202,4705343077.0,1707151173.0,35.77686179902254,51.46560292933718,0.49100147913153647,26.783718813851355
391,9,203,4705343077.0,1707151173.0,35.77695779473268,51.46568807807443,0.49100147913153647,26.783718813851355
392,9,204,4705343077.0,1707151173.0,35.77705379044282,51.46577322681167,0.49100147913153647,26.783718813851355
393,9,205,4705343077.0,1707151173.0,35.777149786152954,51.46585837554891,0.49100147913153647,26.783718813851355
394,9,206,4705343077.0,1707151173.0,35.777245781863094,51.46594352428615,0.49100147913153647,26.783718813851355
395,10,0,4450941429.0,424058128.0,35.76274871826172,51.45807266235352,41.092045022584145,4.237690098070324
396,10,1,4450941429.0,424058128.0,35.763358981635825,51.45634716854388,41.092045022584145,4.237690098070324
397,10,2,4450941429.0,424058128.0,35.7629921673588,51.45519171306918,41.092045022584145,4.237690098070324
398,10,3,4450941429.0,424058128.0,35.76245688095178,51.45380752686713,41.092045022584145,4.237690098070324
399,10,4,4450941429.0,424058128.0,35.7625242951892,51.45187938662764,41.092045022584145,4.237690098070324
400,10,5,4450941429.0,424058128.0,35.76319058394094,51.450513029177436,41.092045022584145,4.237690098070324
401,10,6,4450941429.0,424058128.0,35.76382150620211,51.448746721819354,41.092045022584145,4.237690098070324
402,10,7,4450941429.0,424058128.0,35.76421679671133,51.44694079474732,41.092045022584145,4.237690098070324
403,10,8,4450941429.0,424058128.0,35.763582109259964,51.445176442426764,41.092045022584145,4.237690098070324
404,10,9,4450941429.0,424058128.0,35.76372115606239,51.44458995285173,41.092045022584145,4.237690098070324
405,10,10,4450941429.0,424058128.0,35.764359796981374,51.44635213296228,41.092045022584145,4.237690098070324
406,11,0,9033986795.0,4695611104.0,35.77168655395508,51.45354461669922,4.38136668250094,29.445365894105446
407,11,1,9033986795.0,4695611104.0,35.770598956093664,51.45304666112998,4.38136668250094,29.445365894105446
408,11,2,9033986795.0,4695611104.0,35.76951084711305,51.452550399122515,4.38136668250094,29.445365894105446
409,11,3,9033986795.0,4695611104.0,35.76842274153823,51.452054129787435,4.38136668250094,29.445365894105446
410,11,4,9033986795.0,4695611104.0,35.7673349332635,51.45155691882348,4.38136668250094,29.445365894105446
411,11,5,9033986795.0,4695611104.0,35.766251094616145,51.45104692615855,4.38136668250094,29.445365894105446
412,11,6,9033986795.0,4695611104.0,35.76546643966981,51.45157826965507,4.38136668250094,29.445365894105446
413,11,7,9033986795.0,4695611104.0,35.764413030551566,51.4509790102442,4.38136668250094,29.445365894105446
414,11,8,9033986795.0,4695611104.0,35.76335865136824,51.45038280283813,4.38136668250094,29.445365894105446
415,11,9,9033986795.0,4695611104.0,35.76368413584462,51.449146892337254,4.38136668250094,29.445365894105446
416,11,10,9033986795.0,4695611104.0,35.76443215498365,51.44872196016111,4.38136668250094,29.445365894105446
417,12,0,9156575441.0,4403803546.0,35.76386260986328,51.454490661621094,1.8239001537857158,78.61250046289102
418,12,1,9156575441.0,4403803546.0,35.76430429714266,51.453215857317076,1.8239001537857158,78.61250046289102
419,12,2,9156575441.0,4403803546.0,35.7651282994285,51.452530281199145,1.8239001537857158,78.61250046289102
420,12,3,9156575441.0,4403803546.0,35.765429133287384,51.45127519310481,1.8239001537857158,78.61250046289102
421,12,4,9156575441.0,4403803546.0,35.7661258543607,51.44993798853361,1.8239001537857158,78.61250046289102
422,12,5,9156575441.0,4403803546.0,35.76671210734865,51.448524582657456,1.8239001537857158,78.61250046289102
423,12,6,9156575441.0,4403803546.0,35.76701343907352,51.44704691168019,1.8239001537857158,78.61250046289102
424,12,7,9156575441.0,4403803546.0,35.76737756708546,51.44554326103128,1.8239001537857158,78.61250046289102
425,12,8,9156575441.0,4403803546.0,35.76746334778663,51.44395759869474,1.8239001537857158,78.61250046289102
426,12,9,9156575441.0,4403803546.0,35.767046993340905,51.44247776704145,1.8239001537857158,78.61250046289102
427,12,10,9156575441.0,4403803546.0,35.76750629316845,51.44264652502151,1.8239001537857158,78.61250046289102
428,13,0,4695737195.0,4698502279.0,35.76858139038086,51.44572067260742,55.070800795854495,3.4496403704149636
429,13,1,4695737195.0,4698502279.0,35.7698480285,51.44581801082195,55.070800795854495,3.4496403704149636
430,13,2,4695737195.0,4698502279.0,35.771422191615066,51.44631163777588,55.070800795854495,3.4496403704149636
431,13,3,4695737195.0,4698502279.0,35.77302667136644,51.44703509965355,55.070800795854495,3.4496403704149636
432,13,4,4695737195.0,4698502279.0,35.77406815479821,51.44625086035306,55.070800795854495,3.4496403704149636
433,13,5,4695737195.0,4698502279.0,35.77518615334024,51.446209848431955,55.070800795854495,3.4496403704149636
434,14,0,423815707.0,423815684.0,35.771183013916016,51.44378280639648,13.621830163380631,17.153825979948202
435,14,1,423815707.0,423815684.0,35.77211050057276,51.44407792494657,13.621830163380631,17.153825979948202
436,14,2,423815707.0,423815684.0,35.77029713780619,51.445350895091806,13.621830163380631,17.153825979948202
437,14,3,423815707.0,423815684.0,35.76981086314359,51.447415948572456,13.621830163380631,17.153825979948202
438,14,4,423815707.0,423815684.0,35.76909969491787,51.44985258150108,13.621830163380631,17.153825979948202
439,15,0,9339973930.0,4698523060.0,35.77145767211914,51.46086502075195,13.168845215600625,12.228677759380169
440,15,1,9339973930.0,4698523060.0,35.77242992029329,51.46019076425641,13.168845215600625,12.228677759380169
441,15,2,9339973930.0,4698523060.0,35.77362460214208,51.460801597674845,13.168845215600625,12.228677759380169
442,15,3,9339973930.0,4698523060.0,35.77500527314564,51.46134039514451,13.168845215600625,12.228677759380169
443,15,4,9339973930.0,4698523060.0,35.77609595019026,51.460245900686466,13.168845215600625,12.228677759380169
444,15,5,9339973930.0,4698523060.0,35.77715320546924,51.45909991979834,13.168845215600625,12.228677759380169
445,15,6,9339973930.0,4698523060.0,35.77768227987761,51.45743838698307,13.168845215600625,12.228677759380169
446,15,7,9339973930.0,4698523060.0,35.7781342034132,51.45574245270461,13.168845215600625,12.228677759380169
447,15,8,9339973930.0,4698523060.0,35.77857784707787,51.45404345451243,13.168845215600625,12.228677759380169
448,15,9,9339973930.0,4698523060.0,35.77845375047795,51.452273322621224,13.168845215600625,12.228677759380169
449,15,10,9339973930.0,4698523060.0,35.77826703670307,51.45050320219508,13.168845215600625,12.228677759380169
450,15,11,9339973930.0,4698523060.0,35.77816495474501,51.44884980880748,13.168845215600625,12.228677759380169
451,16,0,4695610687.0,9512328917.0,35.7656364440918,51.44647979736328,30.222096382212946,11.831853126190294
452,16,1,4695610687.0,9512328917.0,35.76702453805054,51.44576543521907,30.222096382212946,11.831853126190294
453,16,2,4695610687.0,9512328917.0,35.76651346374885,51.44906934768115,30.222096382212946,11.831853126190294
454,16,3,4695610687.0,9512328917.0,35.765207828835756,51.45234798327212,30.222096382212946,11.831853126190294
455,16,4,4695610687.0,9512328917.0,35.763524669294085,51.45515623808008,30.222096382212946,11.831853126190294
456,16,5,4695610687.0,9512328917.0,35.76308284484338,51.45826497939761,30.222096382212946,11.831853126190294
457,17,0,4955340824.0,4695611102.0,35.76207733154297,51.45856857299805,35.25172805013409,8.869022153458218
458,17,1,4955340824.0,4695611102.0,35.76342959815391,51.45616324940349,35.25172805013409,8.869022153458218
459,17,2,4955340824.0,4695611102.0,35.76245016687321,51.4539986806334,35.25172805013409,8.869022153458218
460,17,3,4955340824.0,4695611102.0,35.76300182406439,51.45105102758971,35.25172805013409,8.869022153458218
461,17,4,4955340824.0,4695611102.0,35.764106696224914,51.44786528785931,35.25172805013409,8.869022153458218
462,18,0,423816012.0,1721683047.0,35.77511978149414,51.447975158691406,3.148958437160023,39.55337126345203
463,18,1,423816012.0,1721683047.0,35.77617342112262,51.448443612191504,3.148958437160023,39.55337126345203
464,18,2,423816012.0,1721683047.0,35.77722550781083,51.448917037581616,3.148958437160023,39.55337126345203
465,18,3,423816012.0,1721683047.0,35.77816557766898,51.44950344998358,3.148958437160023,39.55337126345203
466,18,4,423816012.0,1721683047.0,35.77830453100145,51.450873458391555,3.148958437160023,39.55337126345203
467,18,5,423816012.0,1721683047.0,35.77845012307871,51.45224232484594,3.148958437160023,39.55337126345203
468,18,6,423816012.0,1721683047.0,35.77857626140198,51.45361390016261,3.148958437160023,39.55337126345203
469,18,7,423816012.0,1721683047.0,35.77835059166451,51.454945889052425,3.148958437160023,39.55337126345203
470,18,8,423816012.0,1721683047.0,35.778000127683555,51.45625701770136,3.148958437160023,39.55337126345203
471,18,9,423816012.0,1721683047.0,35.77892413210105,51.45685468738312,3.148958437160023,39.55337126345203
472,18,10,423816012.0,1721683047.0,35.77936599373449,51.455693929803616,3.148958437160023,39.55337126345203
473,19,0,423793648.0,4548912086.0,35.7647819519043,51.46363830566406,58.97464777001502,9.56415671580475
474,19,1,423793648.0,4548912086.0,35.766938636171325,51.45798064392327,58.97464777001502,9.56415671580475
475,19,2,423793648.0,4548912086.0,35.768983230325304,51.45289589843509,58.97464777001502,9.56415671580475
476,19,3,423793648.0,4548912086.0,35.76975963385765,51.44759129713507,58.97464777001502,9.56415671580475
477,19,4,423793648.0,4548912086.0,35.77241299127848,51.443274644072496,58.97464777001502,9.56415671580475
